{
  "data": [
    {
      "duration": 0.946938775,
      "value": "Silence",
      "time": 0.0
    },
    {
      "duration": 142.584648526,
      "value": "no-function",
      "time": 0.946938775
    },
    {
      "duration": 4.301360544000005,
      "value": "Silence",
      "time": 143.531587301
    },
    {
      "duration": 0,
      "value": "End",
      "time": 147.832947845
    }
  ]
}