{
  "data": [
    {
      "duration": 0.044897959,
      "value": "Silence",
      "time": 0.0
    },
    {
      "duration": 105.51836734700001,
      "value": "no-function",
      "time": 0.044897959
    },
    {
      "duration": 0.02367346899998779,
      "value": "Silence",
      "time": 105.563265306
    },
    {
      "duration": 0,
      "value": "End",
      "time": 105.586938775
    }
  ]
}