{
  "data": [
    {
      "duration": 0.046439909,
      "value": "Silence",
      "time": 0.0
    },
    {
      "duration": 118.601723356,
      "value": "no-function",
      "time": 0.046439909
    },
    {
      "duration": 0.026122449000013148,
      "value": "Silence",
      "time": 118.648163265
    },
    {
      "duration": 0,
      "value": "End",
      "time": 118.674285714
    }
  ]
}