{
  "data": [
    {
      "duration": 0.040816326,
      "value": "Silence",
      "time": 0.0
    },
    {
      "duration": 92.159183674,
      "value": "no-function",
      "time": 0.040816326
    },
    {
      "duration": 0.7697959179999998,
      "value": "Silence",
      "time": 92.2
    },
    {
      "duration": 0,
      "value": "End",
      "time": 92.969795918
    }
  ]
}