{
  "data": [
    {
      "duration": 0.156734693,
      "value": "Silence",
      "time": 0.0
    },
    {
      "duration": 80.58773242699999,
      "value": "no-function",
      "time": 0.156734693
    },
    {
      "duration": 0,
      "value": "End",
      "time": 80.74446712
    }
  ]
}