{
  "data": [
    {
      "duration": 0.104489795,
      "value": "Silence",
      "time": 0.0
    },
    {
      "duration": 29.679818595,
      "value": "no-function",
      "time": 0.104489795
    },
    {
      "duration": 29.748730158,
      "value": "no-function",
      "time": 29.78430839
    },
    {
      "duration": 0,
      "value": "End",
      "time": 59.533038548
    }
  ]
}