{
  "data": [
    {
      "duration": 0.174149659,
      "value": "Silence",
      "time": 0.0
    },
    {
      "duration": 30.122471656,
      "value": "no-function",
      "time": 0.174149659
    },
    {
      "duration": 38.759365079000005,
      "value": "no-function",
      "time": 30.296621315
    },
    {
      "duration": 0,
      "value": "End",
      "time": 69.055986394
    }
  ]
}