{
  "data": [
    {
      "duration": 0.092879818,
      "value": "Silence",
      "time": 0.0
    },
    {
      "duration": 98.858117914,
      "value": "Intro",
      "time": 0.092879818
    },
    {
      "duration": 141.088163265,
      "value": "no-function",
      "time": 98.950997732
    },
    {
      "duration": 0,
      "value": "End",
      "time": 240.039160997
    }
  ]
}