{
  "data": [
    {
      "duration": 0.255419501,
      "value": "Silence",
      "time": 0.0
    },
    {
      "duration": 22.407256235000002,
      "value": "no-function",
      "time": 0.255419501
    },
    {
      "duration": 2.1536507940000007,
      "value": "Silence",
      "time": 22.662675736
    },
    {
      "duration": 0,
      "value": "End",
      "time": 24.81632653
    }
  ]
}