{
  "data": [
    {
      "duration": 0.284444444,
      "value": "Silence",
      "time": 0.0
    },
    {
      "duration": 1.7332879819999998,
      "value": "Intro",
      "time": 0.284444444
    },
    {
      "duration": 88.9130839,
      "value": "no-function",
      "time": 2.017732426
    },
    {
      "duration": 0,
      "value": "End",
      "time": 90.930816326
    }
  ]
}