{
  "data": [
    {
      "duration": 0.609523809,
      "value": "Silence",
      "time": 0.0
    },
    {
      "duration": 27.641473923,
      "value": "no-function",
      "time": 0.609523809
    },
    {
      "duration": 26.323582766000005,
      "value": "no-function",
      "time": 28.250997732
    },
    {
      "duration": 0,
      "value": "End",
      "time": 54.574580498
    }
  ]
}