{
  "data": [
    {
      "duration": 0.489795918,
      "value": "Silence",
      "time": 0.0
    },
    {
      "duration": 88.93877551,
      "value": "no-function",
      "time": 0.489795918
    },
    {
      "duration": 0.014693878000002769,
      "value": "Silence",
      "time": 89.428571428
    },
    {
      "duration": 0,
      "value": "End",
      "time": 89.443265306
    }
  ]
}