{
  "data": [
    {
      "duration": 0.048979591,
      "value": "Silence",
      "time": 0.0
    },
    {
      "duration": 55.469387755,
      "value": "no-function",
      "time": 0.048979591
    },
    {
      "duration": 0.01795918399999863,
      "value": "Silence",
      "time": 55.518367346
    },
    {
      "duration": 0,
      "value": "End",
      "time": 55.53632653
    }
  ]
}