{
  "data": [
    {
      "duration": 0.114285714,
      "value": "Silence",
      "time": 0.0
    },
    {
      "duration": 6.224489795999999,
      "value": "no-function",
      "time": 0.114285714
    },
    {
      "duration": 0.03510204100000003,
      "value": "Silence",
      "time": 6.33877551
    },
    {
      "duration": 0,
      "value": "End",
      "time": 6.373877551
    }
  ]
}