{
  "data": [
    {
      "duration": 0.435374149,
      "value": "Silence",
      "time": 0.0
    },
    {
      "duration": 4.3493877549999995,
      "value": "no-function",
      "time": 0.435374149
    },
    {
      "duration": 0.021768708000000636,
      "value": "Silence",
      "time": 4.784761904
    },
    {
      "duration": 0,
      "value": "End",
      "time": 4.806530612
    }
  ]
}