{
  "data": [
    {
      "duration": 0.441179138,
      "value": "Silence",
      "time": 0.0
    },
    {
      "duration": 20.65414966,
      "value": "no-function",
      "time": 0.441179138
    },
    {
      "duration": 0.48181405899999774,
      "value": "Silence",
      "time": 21.095328798
    },
    {
      "duration": 0,
      "value": "End",
      "time": 21.577142857
    }
  ]
}