{
  "data": [
    {
      "duration": 0.02031746,
      "value": "Silence",
      "time": 0.0
    },
    {
      "duration": 16.242358275999997,
      "value": "no-function",
      "time": 0.02031746
    },
    {
      "duration": 0.01160997800000274,
      "value": "Silence",
      "time": 16.262675736
    },
    {
      "duration": 0,
      "value": "End",
      "time": 16.274285714
    }
  ]
}