{
  "data": [
    {
      "duration": 0.626938775,
      "value": "Silence",
      "time": 0.0
    },
    {
      "duration": 102.121360544,
      "value": "no-function",
      "time": 0.626938775
    },
    {
      "duration": 2.629659864000004,
      "value": "Silence",
      "time": 102.748299319
    },
    {
      "duration": 0,
      "value": "End",
      "time": 105.377959183
    }
  ]
}