{
  "data": [
    {
      "duration": 0.051020408,
      "value": "Silence",
      "time": 0.0
    },
    {
      "duration": 11.534693877,
      "value": "no-function",
      "time": 0.051020408
    },
    {
      "duration": 0.03877551000000068,
      "value": "Silence",
      "time": 11.585714285
    },
    {
      "duration": 0,
      "value": "End",
      "time": 11.624489795
    }
  ]
}