{
  "data": [
    {
      "duration": 0.743038548,
      "value": "Silence",
      "time": 0.0
    },
    {
      "duration": 50.340861677999996,
      "value": "no-function",
      "time": 0.743038548
    },
    {
      "duration": 1.1348752840000031,
      "value": "Silence",
      "time": 51.083900226
    },
    {
      "duration": 0,
      "value": "End",
      "time": 52.21877551
    }
  ]
}