{
  "data": [
    {
      "duration": 0.024489795,
      "value": "Silence",
      "time": 0.0
    },
    {
      "duration": 14.869387756,
      "value": "no-function",
      "time": 0.024489795
    },
    {
      "duration": 0.022040816000000518,
      "value": "Silence",
      "time": 14.893877551
    },
    {
      "duration": 0,
      "value": "End",
      "time": 14.915918367
    }
  ]
}