{
  "data": [
    {
      "duration": 0.048979591,
      "value": "Silence",
      "time": 0.0
    },
    {
      "duration": 18.465306123,
      "value": "no-function",
      "time": 0.048979591
    },
    {
      "duration": 0.032653061000001316,
      "value": "Silence",
      "time": 18.514285714
    },
    {
      "duration": 0,
      "value": "End",
      "time": 18.546938775
    }
  ]
}