{
  "data": [
    {
      "duration": 0.30185941,
      "value": "Silence",
      "time": 0.0
    },
    {
      "duration": 59.118004535000004,
      "value": "no-function",
      "time": 0.30185941
    },
    {
      "duration": 15.002993196999995,
      "value": "Silence",
      "time": 59.419863945
    },
    {
      "duration": 0,
      "value": "End",
      "time": 74.422857142
    }
  ]
}