{
  "data": [
    {
      "duration": 0.580498866,
      "value": "Silence",
      "time": 0.0
    },
    {
      "duration": 60.255782313,
      "value": "no-function",
      "time": 0.580498866
    },
    {
      "duration": 1.8053514740000054,
      "value": "Silence",
      "time": 60.836281179
    },
    {
      "duration": 0,
      "value": "End",
      "time": 62.641632653
    }
  ]
}