{
  "data": [
    {
      "duration": 0.046439909,
      "value": "Silence",
      "time": 0.0
    },
    {
      "duration": 5.044535147,
      "value": "no-function",
      "time": 0.046439909
    },
    {
      "duration": 0.029024943999999664,
      "value": "Silence",
      "time": 5.090975056
    },
    {
      "duration": 0,
      "value": "End",
      "time": 5.12
    }
  ]
}