{
  "data": [
    {
      "duration": 0.406349206,
      "value": "Silence",
      "time": 0.0
    },
    {
      "duration": 13.65632653,
      "value": "Intro",
      "time": 0.406349206
    },
    {
      "duration": 86.447210885,
      "value": "no-function",
      "time": 14.062675736
    },
    {
      "duration": 0,
      "value": "End",
      "time": 100.509886621
    }
  ]
}