{
  "data": [
    {
      "duration": 0.391836734,
      "value": "Silence",
      "time": 0.0
    },
    {
      "duration": 217.222630386,
      "value": "no-function",
      "time": 0.391836734
    },
    {
      "duration": 0,
      "value": "End",
      "time": 217.61446712
    }
  ]
}