{
  "data": [
    {
      "duration": 0.048979591,
      "value": "Silence",
      "time": 0.0
    },
    {
      "duration": 161.526530613,
      "value": "no-function",
      "time": 0.048979591
    },
    {
      "duration": 0.017959182999987888,
      "value": "Silence",
      "time": 161.575510204
    },
    {
      "duration": 0,
      "value": "End",
      "time": 161.593469387
    }
  ]
}